{
    "XGBoost": {
        "Produto": {
            "MAE": 116.273,
            "RMSE": 141.324
        },
        "Pa\u00eds": {
            "MAE": 2833.04,
            "RMSE": 3710.208
        },
        "Cliente": {
            "MAE": 170.326,
            "RMSE": 318.508
        }
    },
    "CatBoost": {
        "Produto": {
            "MAE": 112.093,
            "RMSE": 136.451
        },
        "Pa\u00eds": {
            "MAE": 2587.1130000000003,
            "RMSE": 3409.231999999999
        },
        "Cliente": {
            "MAE": 168.103,
            "RMSE": 337.591
        }
    }
}