{
    "LSTM": {
        "Produto": {
            "MAE": 108.11000000000001,
            "RMSE": 130.07999999999998
        },
        "Pa\u00eds": {
            "MAE": 4191.12,
            "RMSE": 5209.965
        },
        "Cliente": {
            "MAE": 395.942,
            "RMSE": 593.857
        }
    },
    "TCN": {
        "Produto": {
            "MAE": 379.535,
            "RMSE": 564.603
        },
        "Pa\u00eds": {
            "MAE": 96136.461,
            "RMSE": 351800.34
        },
        "Cliente": {
            "MAE": 603.167,
            "RMSE": 878.2219999999998
        }
    }
}